source,phase,quality_limit_K,district,coverage_pct,grid_cells,mean_local_OLS_C_decade,median_local_OLS_C_decade,median_valid_years,mean_local_TheilSen_C_decade
terra,day,2,Brno-Kohoutovice,100.0,13,0.744951927975298,0.7870299914310244,24.0,0.832728899790582
terra,day,3,Brno-Kohoutovice,100.0,13,0.7490962696828213,0.7830000000000003,25.0,0.8538510057498346
terra,day,2,Brno-Černovice,100.0,13,0.970152575631214,1.0423798863440703,21.0,0.8333598399045353
terra,day,3,Brno-Černovice,100.0,13,0.9766525912782343,0.8852307692307643,25.0,0.9132839368135657
terra,day,2,Brno-Bohunice,85.20119467300151,8,0.6560873374089418,0.641720576959937,23.0,0.5780967865104257
terra,day,3,Brno-Bohunice,100.0,9,0.7355205541544116,0.7601025641025584,25.0,0.7880089330007589
terra,day,2,Brno-Bosonohy,100.0,19,0.9976299184831251,0.9971282051282078,25.0,1.1469710365782804
terra,day,3,Brno-Bosonohy,100.0,19,0.9843858139259375,0.9971282051282078,25.0,1.1006651061500872
terra,day,2,Brno-Chrlice,100.0,24,0.8175863616231166,0.8165384615384613,25.0,0.9029535701129106
terra,day,3,Brno-Chrlice,100.0,24,0.8129845151393901,0.8165384615384613,25.0,0.8966048125201596
terra,day,2,Brno-Ivanovice,100.0,9,0.4659990393687074,0.5023478260869598,24.0,0.5643298892121463
terra,day,3,Brno-Ivanovice,100.0,9,0.45938836098330943,0.5100289855072492,24.0,0.5577325030760161
terra,day,2,Brno-Líšeň,100.0,32,0.6053702542062854,0.6249234361260209,25.0,0.5719110663781831
terra,day,3,Brno-Líšeň,100.0,32,0.577415508755778,0.6129230769230744,25.0,0.5338191977145725
terra,day,2,Brno-Útěchov,100.0,6,0.5455642577961128,0.5102820512820481,25.0,0.47570597609774384
terra,day,3,Brno-Útěchov,100.0,6,0.5455130522968257,0.5102820512820481,25.0,0.4755672945371745
terra,day,2,Brno-Bystrc,100.0,55,0.6319333628820766,0.5694358974358911,25.0,0.6574698407251472
terra,day,3,Brno-Bystrc,100.0,55,0.6113909939429751,0.5694358974358911,25.0,0.6529173169150018
terra,day,2,Brno-jih,100.0,26,1.1006153174671593,1.2664937863299257,22.0,1.016120452245021
terra,day,3,Brno-jih,100.0,26,1.0391111244131275,1.1325641025641053,25.0,1.1086441928955169
terra,day,2,Brno-Jundrov,100.0,14,0.9213901397169891,0.891871794871797,25.0,0.9628779550998303
terra,day,3,Brno-Jundrov,100.0,14,0.7698876992947219,0.7935897435897481,25.0,0.7737834758692425
terra,day,2,Brno-střed,91.28599046791952,29,0.5944959922072778,0.5930111742795565,21.0,0.48766475673365106
terra,day,3,Brno-střed,100.0,31,0.815420414646698,0.8063076923076923,25.0,0.8450889969125424
terra,day,2,Brno-Kníničky,100.0,29,0.6224764089141501,0.6039230769230755,25.0,0.6776699188356655
terra,day,3,Brno-Kníničky,100.0,29,0.6208644316939103,0.6034871794871772,25.0,0.6784766405170288
terra,day,2,Brno-sever,99.99966301089536,28,0.5267961015489564,0.5092820512820446,23.0,0.4406492465980619
terra,day,3,Brno-sever,100.0,29,0.6271861373317198,0.6040144927536195,25.0,0.5395871300959545
terra,day,2,Brno-Žebětín,100.0,27,0.662432051746707,0.5976956521739122,25.0,0.6997075923924416
terra,day,3,Brno-Žebětín,100.0,27,0.6603258284144511,0.610014492753622,25.0,0.7145655648993959
terra,day,2,Brno-Komín,100.0,20,0.7908020695478777,0.7244475058837102,25.0,0.7820114859216769
terra,day,3,Brno-Komín,100.0,20,0.7457753760084231,0.759410256410261,25.0,0.7176247319620191
terra,day,2,Brno-Královo Pole,91.45162738951285,22,0.6400729239119308,0.6281840162059721,21.0,0.5978656160248371
terra,day,3,Brno-Královo Pole,100.0,23,0.9537123125041329,0.9257435897435934,25.0,0.9050753652827047
terra,day,2,Brno-Maloměřice a Obřany,96.4123703659687,20,0.7038392268115113,0.7053333333333346,23.0,0.6120758089320785
terra,day,3,Brno-Maloměřice a Obřany,100.0,21,0.6622638641118112,0.5965384615384586,25.0,0.6057159379012338
terra,day,2,Brno-Řečkovice a Mokrá Hora,100.0,20,0.654404887736495,0.5710869565217324,24.0,0.6196262052680744
terra,day,3,Brno-Řečkovice a Mokrá Hora,100.0,20,0.66032427127078,0.6018974358974355,25.0,0.6526123517164528
terra,day,2,Brno-Starý Lískovec,100.0,10,0.9041818628897876,0.8848205128205134,25.0,0.9304179912577639
terra,day,3,Brno-Starý Lískovec,100.0,10,0.8325988524301109,0.7601025641025584,25.0,0.8930777554583592
terra,day,2,Brno-Tuřany,100.0,34,1.177116207970075,1.1428974358974338,25.0,1.2199506670873126
terra,day,3,Brno-Tuřany,100.0,34,1.1200968854485027,1.1256410256410216,25.0,1.167559000416589
terra,day,2,Brno-Vinohrady,72.94625061697616,8,0.3941992930343281,0.31602665516083783,20.0,0.2752263267598555
terra,day,3,Brno-Vinohrady,100.0,9,0.4911634952351657,0.5013076923076902,25.0,0.4596480087090333
terra,day,2,Brno-Žabovřesky,100.0,13,0.7984916202647095,0.7271930622517313,21.0,0.7157354864739425
terra,day,3,Brno-Žabovřesky,100.0,13,1.0240423874220093,1.0847692307692327,25.0,0.9489339931680698
terra,day,2,Brno-Židenice,100.0,15,0.639242353364325,0.6457835946114341,21.0,0.5432824799933476
terra,day,3,Brno-Židenice,100.0,15,0.6034804943600451,0.6097435897435861,25.0,0.5616631243403402
terra,day,2,Brno-Medlánky,100.0,13,0.5849802797990424,0.5394202898550742,24.0,0.6167829276951208
terra,day,3,Brno-Medlánky,100.0,13,0.6183945129012447,0.5212173913043497,24.0,0.6366836883222032
terra,day,2,Brno-Ořešín,100.0,9,0.49891366987991376,0.5102820512820481,25.0,0.48120091198838477
terra,day,3,Brno-Ořešín,100.0,9,0.49891366987991376,0.5102820512820481,25.0,0.48120091198838477
terra,day,2,Brno-Slatina,100.0,17,1.4024162523563743,1.4500724637681184,24.0,1.358078868679134
terra,day,3,Brno-Slatina,100.0,17,1.4484656667961526,1.5829230769230815,25.0,1.3781081904214065
terra,day,2,Brno-Nový Lískovec,100.0,8,0.519146609205403,0.4626923076923067,25.0,0.5751733307923419
terra,day,3,Brno-Nový Lískovec,100.0,8,0.6394587229259796,0.6082820512820555,25.0,0.7268974383284614
terra,day,2,Brno-Jehnice,100.0,14,0.5414437408266298,0.52097435897436,25.0,0.5126747056422178
terra,day,3,Brno-Jehnice,100.0,14,0.5398561103052559,0.52097435897436,25.0,0.5110347873714788
terra,night,2,Brno-Kohoutovice,8.50353324384279,4,1.319875244307077,1.3285655535449874,22.0,1.4002356420068176
terra,night,3,Brno-Kohoutovice,8.50353324384279,4,1.3122568051807686,1.3203333333333298,24.0,1.3057079400989813
terra,night,2,Brno-Černovice,22.725892600880755,3,1.0454405338318742,1.0835477145148344,24.0,1.0269752931168377
terra,night,3,Brno-Černovice,66.64312518324739,8,1.3070499617156928,1.3495980627122028,24.0,1.2516666604384465
terra,night,2,Brno-Bohunice,33.24608186823703,2,0.9783833015375097,1.0774587458745912,24.0,0.9827123628445567
terra,night,3,Brno-Bohunice,77.86456600505909,6,1.1148157168486654,1.1666291629162902,20.0,1.133505928589784
terra,night,2,Brno-Bosonohy,97.33030240135909,18,0.9913167122297389,0.959230769230768,25.0,0.9754756064831818
terra,night,3,Brno-Bosonohy,97.33030240135909,18,0.9986517952701948,0.9989487179487223,25.0,0.9813159304239428
terra,night,2,Brno-Chrlice,100.0,24,0.8456840895263259,0.834743589743586,25.0,0.7846137967026618
terra,night,3,Brno-Chrlice,100.0,24,0.8458215194571311,0.834743589743586,25.0,0.7842092594854536
terra,night,2,Brno-Ivanovice,100.0,9,0.9540616210691049,0.9818974358974355,25.0,0.9434881778297916
terra,night,3,Brno-Ivanovice,100.0,9,0.9527142414419915,0.9818974358974355,25.0,0.9370861458709489
terra,night,2,Brno-Líšeň,81.58005346492516,25,0.9864337359601212,1.0039743589743617,25.0,0.938360107079006
terra,night,3,Brno-Líšeň,86.31377362209135,27,1.0280353269474702,1.0029743589743592,25.0,0.9657736455886852
terra,night,2,Brno-Útěchov,100.0,6,1.0487098876983973,1.0447578674907163,23.0,1.0635270460357842
terra,night,3,Brno-Útěchov,100.0,6,1.033537299892144,1.0292077704264166,23.0,1.03124729822057
terra,night,2,Brno-Bystrc,99.94516623238621,53,0.8132766392538338,0.8179230769230774,25.0,0.8110410005798062
terra,night,3,Brno-Bystrc,100.0,55,0.7946531098560554,0.8124615384615447,25.0,0.7933533200513926
terra,night,2,Brno-jih,46.35696913476803,12,1.0401348278629425,1.0003243243243207,25.0,1.0015345346649187
terra,night,3,Brno-jih,74.63883227648726,18,1.0472624545999822,0.9942307692307718,25.0,0.974312320677273
terra,night,2,Brno-Jundrov,13.009085255307056,2,0.980370677838473,0.9514615384615412,25.0,1.0066379012923048
terra,night,3,Brno-Jundrov,64.91834576970001,8,1.144963914561596,1.1038149218622928,22.0,1.253799961652912
terra,night,2,Brno-střed,0.16183099444771254,1,1.0774587458745912,1.0774587458745912,24.0,1.1044444444444543
terra,night,3,Brno-střed,3.368283668585263,3,1.3103510764724282,1.3358248068289071,20.0,1.3583284722118634
terra,night,2,Brno-Kníničky,100.0,29,0.7089595837982997,0.7242051282051253,25.0,0.6932516219317183
terra,night,3,Brno-Kníničky,100.0,29,0.7048696729838007,0.7242051282051253,25.0,0.6925548036485267
terra,night,2,Brno-sever,45.224968733705325,12,1.122437800991554,1.1024615384615346,25.0,1.133821820747775
terra,night,3,Brno-sever,58.94198647595239,18,1.129932056994511,1.1358974358974347,25.0,1.1327983417078633
terra,night,2,Brno-Žebětín,95.89968937997592,24,0.9494549978832489,0.9517260058108047,25.0,0.9488784341259033
terra,night,3,Brno-Žebětín,96.44009092047052,25,0.9432756844229309,0.9413076923076947,25.0,0.949815642642171
terra,night,2,Brno-Komín,60.93288376987093,13,0.9130645695106238,0.8957948717948723,25.0,0.8613841502143267
terra,night,3,Brno-Komín,100.0,20,0.8682961980666714,0.8295384615384589,25.0,0.8283371500536466
terra,night,2,Brno-Královo Pole,1.6664462558531439,3,0.8963341654086868,0.9270767943084288,22.0,0.8160383404346797
terra,night,3,Brno-Královo Pole,45.1545935493626,13,1.1587029523329107,1.1583525359894908,23.0,1.1344491875238851
terra,night,2,Brno-Maloměřice a Obřany,53.33335230732694,9,0.9943715531811351,1.0034615384615406,23.0,0.9927998097355428
terra,night,3,Brno-Maloměřice a Obřany,76.64012100358335,14,1.042539175732942,1.0165384615384583,25.0,1.0292532903926495
terra,night,2,Brno-Řečkovice a Mokrá Hora,73.33153759296923,15,1.106258042246631,1.0798370020190093,25.0,1.1045905342029867
terra,night,3,Brno-Řečkovice a Mokrá Hora,100.0,20,1.0649162290311662,1.1073589743589753,24.0,1.0435052702117598
terra,night,2,Brno-Starý Lískovec,71.97153980703101,6,0.9660202656431796,1.0597692307692332,25.0,0.9427783949848497
terra,night,3,Brno-Starý Lískovec,96.03969211382247,8,1.0712116698404242,1.0589999999999984,25.0,1.0650611384459057
terra,night,2,Brno-Tuřany,94.63072490687803,31,0.8609524097712155,0.8495128205128213,25.0,0.7996954384643616
terra,night,3,Brno-Tuřany,99.95619400001043,33,0.8797929957477194,0.8313076923076944,25.0,0.8083336796895072
terra,night,2,Brno-Vinohrady,0.0,0,,,,
terra,night,3,Brno-Vinohrady,0.0,0,,,,
terra,night,2,Brno-Žabovřesky,0.34721241964631405,1,0.9342937295146534,0.9342937295146534,22.0,0.8666666666666742
terra,night,3,Brno-Žabovřesky,41.11417034006579,7,1.2788687251130544,1.3645260205490435,21.0,1.295149241309421
terra,night,2,Brno-Židenice,0.0,0,,,,
terra,night,3,Brno-Židenice,3.8891406041329013,2,1.4275467184645234,1.4180969786522557,22.0,1.392879161456039
terra,night,2,Brno-Medlánky,84.17368347935043,10,0.8874714454943139,0.8996410256410203,25.0,0.8333377929144159
terra,night,3,Brno-Medlánky,97.55759467695663,12,0.803111053241536,0.7990000000000046,25.0,0.7715312748347128
terra,night,2,Brno-Ořešín,100.0,9,0.9493990782502996,0.9303846153846191,25.0,0.9304246538513266
terra,night,3,Brno-Ořešín,100.0,9,0.9491465377458953,0.9303846153846191,25.0,0.9297918549242947
terra,night,2,Brno-Slatina,79.55425518441808,13,1.0942235960463456,1.0055641025641051,25.0,1.0386611017129899
terra,night,3,Brno-Slatina,98.97879766475035,16,1.175087042663732,1.076384615384617,25.0,1.1027431031434838
terra,night,2,Brno-Nový Lískovec,59.16878483561171,3,1.530186612878037,1.597007824064284,20.0,1.578124424677259
terra,night,3,Brno-Nový Lískovec,61.19814438216239,4,1.194109070222198,1.1923490091688858,24.0,1.2194077726668122
terra,night,2,Brno-Jehnice,100.0,14,0.9503316360475987,0.9139743589743607,25.0,0.9647595879972117
terra,night,3,Brno-Jehnice,100.0,14,0.9495765970564485,0.9139743589743607,25.0,0.9594384874080116
aqua,day,2,Brno-Kohoutovice,99.81226435894689,12,0.38755640216257675,0.4094202898550753,21.0,0.48843590414118054
aqua,day,3,Brno-Kohoutovice,100.0,13,0.47407272529685013,0.40945322793148936,23.0,0.5207430355468244
aqua,day,2,Brno-Černovice,53.909479979532435,8,1.4317338216929572,1.583873958989427,22.0,1.4675142479026773
aqua,day,3,Brno-Černovice,100.0,13,1.2497025058159204,1.2080039525691704,23.0,1.3353679874361628
aqua,day,2,Brno-Bohunice,71.32670029171376,5,0.6945492748424924,0.7191040843214748,22.0,0.9569525454448989
aqua,day,3,Brno-Bohunice,100.0,9,0.6237332118679032,0.6200263504611404,23.0,0.7192696302584448
aqua,day,2,Brno-Bosonohy,100.0,19,0.6327877625096789,0.6001646903820819,23.0,0.8543833242864891
aqua,day,3,Brno-Bosonohy,100.0,19,0.660109830333828,0.6448616600790535,23.0,0.8724126735387988
aqua,day,2,Brno-Chrlice,100.0,24,1.0395987179211228,1.0468379446640204,23.0,1.1318960827448745
aqua,day,3,Brno-Chrlice,100.0,24,1.1015826326600593,1.1536890645586282,23.0,1.2419214872541349
aqua,day,2,Brno-Ivanovice,100.0,9,0.6221758856459498,0.5586956521739171,23.0,0.7014759306169246
aqua,day,3,Brno-Ivanovice,100.0,9,0.6796097836655366,0.6370223978919689,23.0,0.7708299882808016
aqua,day,2,Brno-Líšeň,99.26460712192036,31,0.5033171726379635,0.541963109354415,23.0,0.7081317758960124
aqua,day,3,Brno-Líšeň,100.0,32,0.6053842017661604,0.5788537549407119,23.0,0.8367728555030839
aqua,day,2,Brno-Útěchov,100.0,6,0.6833591808923365,0.7203886693017131,23.0,0.6907269988918477
aqua,day,3,Brno-Útěchov,100.0,6,0.6840669522932851,0.7180830039525726,23.0,0.6750008782130515
aqua,day,2,Brno-Bystrc,100.0,55,0.7440937233029928,0.7915019762845875,23.0,0.9345381661214097
aqua,day,3,Brno-Bystrc,100.0,55,0.7532553099103647,0.7849143610013176,23.0,0.9484700169486554
aqua,day,2,Brno-jih,67.9289453036846,17,1.2938311075010127,1.2671307814992065,23.0,1.4347365799908323
aqua,day,3,Brno-jih,100.0,26,1.2924596313224819,1.3940711462450637,23.0,1.4000858460291046
aqua,day,2,Brno-Jundrov,84.69851069636825,10,0.4797301171280307,0.4614472717558259,22.0,0.5331918139284717
aqua,day,3,Brno-Jundrov,100.0,14,0.5803527649761174,0.5641304347826118,23.0,0.7071545646974599
aqua,day,2,Brno-střed,6.464142794018708,5,0.2991511878685088,0.14669465711698765,19.0,0.7714789221318509
aqua,day,3,Brno-střed,100.0,31,0.749816334946299,0.7347496706192371,23.0,0.8517946007714282
aqua,day,2,Brno-Kníničky,100.0,29,0.908771439589534,0.831752305665351,23.0,1.0765602125149325
aqua,day,3,Brno-Kníničky,100.0,29,0.9122386056170353,0.8519433465085658,23.0,1.0679310035813643
aqua,day,2,Brno-sever,72.33853231984713,20,0.6368194862581936,0.730928853754937,23.0,0.6747869801966635
aqua,day,3,Brno-sever,100.0,29,0.7253441680019621,0.7513833992094847,23.0,0.767002416076081
aqua,day,2,Brno-Žebětín,100.0,27,0.5027303433190897,0.5181488801054086,23.0,0.6942865455604353
aqua,day,3,Brno-Žebětín,100.0,27,0.5275523065092642,0.5393280632411015,23.0,0.727066949408625
aqua,day,2,Brno-Komín,95.15112893024494,18,0.6979548488191917,0.7864624505928846,23.0,0.8999490447889644
aqua,day,3,Brno-Komín,100.0,20,0.7388102284911421,0.7358366271409702,23.0,0.9490693282910506
aqua,day,2,Brno-Královo Pole,36.51861777890942,10,0.737715295670764,0.760546574287906,22.0,0.8133705059753796
aqua,day,3,Brno-Královo Pole,100.0,23,0.9485898525311474,1.0044795783926133,23.0,1.05663466949725
aqua,day,2,Brno-Maloměřice a Obřany,95.5888497547879,20,0.5547756304427062,0.5286561264822134,23.0,0.594667173986948
aqua,day,3,Brno-Maloměřice a Obřany,100.0,21,0.6822233374236409,0.6166996047430793,23.0,0.7604061659982678
aqua,day,2,Brno-Řečkovice a Mokrá Hora,95.10159237154585,19,0.6941648692229928,0.7549407114624516,23.0,0.7825518621085044
aqua,day,3,Brno-Řečkovice a Mokrá Hora,100.0,20,0.7701403427493277,0.7985836627140963,23.0,0.9618164671585501
aqua,day,2,Brno-Starý Lískovec,99.44986857748664,9,0.7325391718882394,0.7547101449275379,23.0,0.8715703879517452
aqua,day,3,Brno-Starý Lískovec,100.0,10,0.7805112281814353,0.8028656126482197,23.0,0.8717169871391671
aqua,day,2,Brno-Tuřany,100.0,34,1.304463546753899,1.2586956521739145,23.0,1.4126571326744726
aqua,day,3,Brno-Tuřany,100.0,34,1.408042998600479,1.3677536231884027,23.0,1.5313201320802967
aqua,day,2,Brno-Vinohrady,75.54480821011903,6,0.08935411089276002,-0.013994439295639816,20.0,0.04349078897465337
aqua,day,3,Brno-Vinohrady,100.0,9,0.4174881728210279,0.5016469038208156,23.0,0.6098975744802873
aqua,day,2,Brno-Žabovřesky,4.270270751541122,4,0.5701231752357147,0.6017327147727842,20.0,0.5706158946314749
aqua,day,3,Brno-Žabovřesky,100.0,13,0.9898863551088057,0.9867588932806308,23.0,1.109355652864868
aqua,day,2,Brno-Židenice,8.775003172989416,3,0.6394257840922025,0.7386238478928757,20.0,0.8763383157194582
aqua,day,3,Brno-Židenice,100.0,15,0.734454941546863,0.681554677206853,23.0,0.8763372735482898
aqua,day,2,Brno-Medlánky,86.78522582163463,11,0.6252903043333737,0.6331027667984189,23.0,0.8191513864642362
aqua,day,3,Brno-Medlánky,100.0,13,0.8686731225428784,0.8448616600790497,23.0,1.0102584201307028
aqua,day,2,Brno-Ořešín,100.0,9,0.6164232074019552,0.5926877470355745,23.0,0.644976189249655
aqua,day,3,Brno-Ořešín,100.0,9,0.6424175004033916,0.6100461133069863,23.0,0.6401437891696969
aqua,day,2,Brno-Slatina,98.97879766475035,16,1.382169826241043,1.324110671936759,23.0,1.5644539917838114
aqua,day,3,Brno-Slatina,100.0,17,1.4462014937378624,1.4017127799736553,23.0,1.6380558946636492
aqua,day,2,Brno-Nový Lískovec,100.0,8,0.6944451252891644,0.7184123847167357,23.0,0.96603780514896
aqua,day,3,Brno-Nový Lískovec,100.0,8,0.670865784452505,0.6331686429512561,23.0,0.7956947711020991
aqua,day,2,Brno-Jehnice,100.0,14,0.6699666905395316,0.5789196310935417,23.0,0.6899590895540098
aqua,day,3,Brno-Jehnice,100.0,14,0.7022012907072627,0.6544795783926254,23.0,0.7420834529336169
aqua,night,2,Brno-Kohoutovice,85.2519389697292,10,0.39377037682898836,0.40909090909091167,23.0,0.39889161666979606
aqua,night,3,Brno-Kohoutovice,100.0,13,0.3770941227258934,0.3898880105401854,23.0,0.4199312717851853
aqua,night,2,Brno-Černovice,52.95500769791914,7,0.20727845364281322,0.3060276679841894,21.0,0.2527268003411379
aqua,night,3,Brno-Černovice,100.0,13,0.25174075273890284,0.2635046113307007,23.0,0.32967513452502384
aqua,night,2,Brno-Bohunice,86.17870379766485,7,0.22787181068156548,0.21181704651888758,22.0,0.25124124019585076
aqua,night,3,Brno-Bohunice,100.0,9,0.3343308939392046,0.3428194993412345,23.0,0.3374612448905155
aqua,night,2,Brno-Bosonohy,100.0,19,0.3895852089709899,0.3987154150197607,23.0,0.4160636521917147
aqua,night,3,Brno-Bosonohy,100.0,19,0.3938445132769114,0.395355731225293,23.0,0.43216691919376454
aqua,night,2,Brno-Chrlice,100.0,24,0.5304884758331444,0.5418313570487476,23.0,0.5513623794193505
aqua,night,3,Brno-Chrlice,100.0,24,0.5271905183849187,0.5418313570487476,23.0,0.5501715999886627
aqua,night,2,Brno-Ivanovice,100.0,9,0.2222502758895702,0.19314888010539835,23.0,0.19228224517966622
aqua,night,3,Brno-Ivanovice,100.0,9,0.2243203199100779,0.19815546772068154,23.0,0.19330394885669694
aqua,night,2,Brno-Líšeň,92.68036937440172,29,0.30855373218630816,0.34324769433465097,23.0,0.31471203600416237
aqua,night,3,Brno-Líšeň,100.0,32,0.31172603376574337,0.3257905138339957,23.0,0.3241180354573301
aqua,night,2,Brno-Útěchov,100.0,6,0.24851254571804007,0.2508563899868286,23.0,0.24692649851272266
aqua,night,3,Brno-Útěchov,100.0,6,0.24643140718403023,0.2508563899868286,23.0,0.24629505288181003
aqua,night,2,Brno-Bystrc,100.0,55,0.23082138180191109,0.22704216073781341,23.0,0.230612782870072
aqua,night,3,Brno-Bystrc,100.0,55,0.23240241049247626,0.2210803689064539,23.0,0.23384445744423718
aqua,night,2,Brno-jih,67.90936340813415,17,0.24152945520286093,0.2595520421607379,23.0,0.23767522011852846
aqua,night,3,Brno-jih,100.0,26,0.3664429095917446,0.3541831357048802,23.0,0.3824412919980524
aqua,night,2,Brno-Jundrov,90.97499714351933,10,0.27764947997162615,0.339097496706196,23.0,0.27000845917737026
aqua,night,3,Brno-Jundrov,100.0,14,0.3504251952819846,0.325724637681162,23.0,0.3586881211111324
aqua,night,2,Brno-střed,4.55905164619367,5,0.12210720283116584,0.09672701643099627,19.0,0.11242138805496033
aqua,night,3,Brno-střed,94.5066554673759,29,0.2434788581334275,0.27140974967061726,23.0,0.24198974519928215
aqua,night,2,Brno-Kníničky,100.0,29,0.25623929739879486,0.24805665349143408,23.0,0.25133562645122803
aqua,night,3,Brno-Kníničky,100.0,29,0.2567115269168165,0.25497364953886503,23.0,0.25124021456595397
aqua,night,2,Brno-sever,65.57110382031276,19,0.15907620204051628,0.12849143610013258,23.0,0.17389241494242738
aqua,night,3,Brno-sever,99.47970524852452,28,0.19437236482616638,0.2251646903820808,23.0,0.18140203112103404
aqua,night,2,Brno-Žebětín,100.0,27,0.302550083835802,0.3121870882740431,23.0,0.3115737361993736
aqua,night,3,Brno-Žebětín,100.0,27,0.3057604427564242,0.3121870882740431,23.0,0.31347663026838907
aqua,night,2,Brno-Komín,97.11632363229687,19,0.15135159507293489,0.15220685111989127,23.0,0.1412649584449533
aqua,night,3,Brno-Komín,100.0,20,0.2559472776589283,0.2679512516469064,23.0,0.2694902078159251
aqua,night,2,Brno-Královo Pole,48.98355706950618,14,0.13059330350540294,0.17759116589624402,22.0,0.13013901212100984
aqua,night,3,Brno-Královo Pole,100.0,23,0.3360297705033426,0.3504940711462459,23.0,0.33267000165682803
aqua,night,2,Brno-Maloměřice a Obřany,85.65933826112303,17,0.21163299401777838,0.19113965744400666,23.0,0.2661979416399311
aqua,night,3,Brno-Maloměřice a Obřany,100.0,21,0.2520484477835264,0.27503293807641926,23.0,0.28624645876059196
aqua,night,2,Brno-Řečkovice a Mokrá Hora,100.0,20,0.2486886098846603,0.254841897233199,23.0,0.2566282268228379
aqua,night,3,Brno-Řečkovice a Mokrá Hora,100.0,20,0.26037996938864805,0.2598814229248979,23.0,0.2356947182523948
aqua,night,2,Brno-Starý Lískovec,99.44986857748664,9,0.41245825140713666,0.44552042160737515,23.0,0.42815901528061395
aqua,night,3,Brno-Starý Lískovec,100.0,10,0.4273275599367418,0.4552700922266142,23.0,0.4742920088121645
aqua,night,2,Brno-Tuřany,99.95619400001043,33,0.41240555663188916,0.40098814229249247,23.0,0.4851756831580081
aqua,night,3,Brno-Tuřany,100.0,34,0.42836125801765346,0.4369565217391302,23.0,0.488463022077624
aqua,night,2,Brno-Vinohrady,10.146089314717656,2,0.017357267889017276,-0.04770626097132917,21.0,0.04970033015902533
aqua,night,3,Brno-Vinohrady,100.0,9,0.1675675239919728,0.12783267457180642,23.0,0.19494709236393737
aqua,night,2,Brno-Žabovřesky,38.91938661454727,7,0.013299773050787242,-0.04118587868148928,20.0,-0.043875684424123394
aqua,night,3,Brno-Žabovřesky,100.0,13,0.31104996642369537,0.306785243741765,23.0,0.3666335569167685
aqua,night,2,Brno-Židenice,3.8891406041329013,2,0.29396432278802925,0.42168780061215594,20.0,0.261724641723481
aqua,night,3,Brno-Židenice,83.07015666262065,13,0.10075171564552395,0.12460474308300268,23.0,0.13191265444971628
aqua,night,2,Brno-Medlánky,100.0,13,0.19534880554833506,0.19054677206850948,23.0,0.17589277515848678
aqua,night,3,Brno-Medlánky,100.0,13,0.2096376556472615,0.1874505928853738,23.0,0.18729889784275516
aqua,night,2,Brno-Ořešín,100.0,9,0.3026256603058562,0.3240777338603421,23.0,0.27767307918354384
aqua,night,3,Brno-Ořešín,100.0,9,0.29788229465399585,0.3177536231884079,23.0,0.28532041613072534
aqua,night,2,Brno-Slatina,98.97879766475035,16,0.25994804618306244,0.33797760210803596,23.0,0.2970055234385457
aqua,night,3,Brno-Slatina,100.0,17,0.3028754214102561,0.29907773386033987,23.0,0.35864307570601184
aqua,night,2,Brno-Nový Lískovec,94.90260717558998,7,0.2880797480393806,0.2956851119894583,23.0,0.244715970847048
aqua,night,3,Brno-Nový Lískovec,100.0,8,0.3397844925848192,0.35049407114624254,23.0,0.345035555940172
aqua,night,2,Brno-Jehnice,100.0,14,0.2463633790452601,0.2560606060606057,23.0,0.19798246558921107
aqua,night,3,Brno-Jehnice,100.0,14,0.24344028059012027,0.25536890645586213,23.0,0.19657910340333434
