source,phase,scope,year,observed_area_pct,mean_anomaly_C,mean_LST_C,median_valid_days
terra,day,city,2001,64.7421932887583,-3.1146645927711125,25.23694708671366,27.0
terra,day,centre,2001,2.859088796085584,-2.874622192135687,28.096521541531814,18.0
terra,day,city,2002,98.50340012940977,-0.7417112997876926,28.991643395310216,34.0
terra,day,centre,2002,91.28599046791952,-1.372913782569252,32.24151049867975,26.0
terra,day,city,2003,98.50340012940977,1.8678085653152434,31.601163260413152,49.0
terra,day,centre,2003,91.28599046791952,1.2660832236868962,34.8805075049359,35.0
terra,day,city,2004,68.62723587031715,-1.751321681049727,26.52042208864351,27.0
terra,day,centre,2004,0.0,,,14.0
terra,day,city,2005,98.50340012940977,-1.883808006289554,27.84954668880835,31.0
terra,day,centre,2005,91.28599046791952,-2.314883487912449,31.299540793336558,21.0
terra,day,city,2006,98.50340012940977,-2.763280422123104,26.9700742729748,37.0
terra,day,centre,2006,91.28599046791952,-2.5586155902701733,31.055808690978832,24.0
terra,day,city,2007,98.50340012940977,2.2470761949669935,31.980430890064902,36.0
terra,day,centre,2007,91.28599046791952,1.4072739154072522,35.02169819665626,28.0
terra,day,city,2008,98.12925016176249,-0.4246909957926262,29.28942933366497,35.0
terra,day,centre,2008,91.28599046791952,-0.7557188499971833,32.85870543125183,23.0
terra,day,city,2009,93.63945054999095,-2.7903982319647063,26.69243633085279,34.0
terra,day,centre,2009,64.92148149647046,-3.199294575205617,30.027056004976497,20.0
terra,day,city,2010,98.50340012940977,-0.789313083712178,28.944041611385728,38.0
terra,day,centre,2010,91.28599046791952,-0.860572303534672,32.75385197771434,25.0
terra,day,city,2011,76.48438519091644,-0.5384107823413823,28.015237735557395,32.0
terra,day,centre,2011,5.572879601011755,-0.7428361588603828,29.909434995846162,17.0
terra,day,city,2012,98.50340012940977,1.0762203777465573,30.80957507284446,32.0
terra,day,centre,2012,91.28599046791952,0.6878523134932449,34.30227659474225,24.0
terra,day,city,2013,98.50340012940977,0.10396551357527856,29.837320208673187,38.0
terra,day,centre,2013,91.28599046791952,0.5274522984873176,34.141876579736326,25.0
terra,day,city,2014,68.25308590266931,-0.6946785521991518,27.505854097773863,27.0
terra,day,centre,2014,1.0906968199157132,-0.059565217391291725,31.150000000000034,14.0
terra,day,city,2015,98.50340012940977,3.057237299022137,32.79059199412004,44.0
terra,day,centre,2015,91.28599046791952,3.104100755465699,36.71852503671471,32.0
terra,day,city,2016,96.63265029117227,-0.7138273281717402,28.935207926929703,36.0
terra,day,centre,2016,91.28599046791952,-0.5052745820945694,33.109149699154436,23.0
terra,day,city,2017,98.50340012940977,0.983350127150466,30.716704822248374,41.0
terra,day,centre,2017,91.28599046791952,0.6425126863042869,34.25693696755329,26.0
terra,day,city,2018,98.50340012940977,2.812695638132236,32.54605033323015,37.0
terra,day,centre,2018,91.28599046791952,1.778782453582096,35.3932067348311,26.0
terra,day,city,2019,98.50340012940977,1.4206696457052772,31.154024340803186,35.0
terra,day,centre,2019,91.28599046791952,1.2663033923352134,34.880727673584225,26.0
terra,day,city,2020,98.50340012940977,-0.1697316651914543,29.563623029906452,36.0
terra,day,centre,2020,91.28599046791952,0.8262385310841173,34.44066281233312,24.0
terra,day,city,2021,98.50340012940977,-0.1396247517595292,29.593729943338374,36.0
terra,day,centre,2021,91.28599046791952,0.06194238325912521,33.67636666450814,25.0
terra,day,city,2022,98.50340012940977,1.591797546698751,31.325152241796655,41.0
terra,day,centre,2022,91.28599046791952,1.7181274734482956,35.332551754697306,27.0
terra,day,city,2023,98.50340012940977,0.4688167608347873,30.202171455932692,36.0
terra,day,centre,2023,91.28599046791952,-0.12898029630662933,33.48544398494238,27.0
terra,day,city,2024,98.50340012940977,0.2103654573271893,29.943720152425097,43.0
terra,day,centre,2024,91.28599046791952,-0.31938225631121897,33.295042024937786,31.0
terra,day,city,2025,98.50340012940977,-1.409888795831757,28.323465899266147,48.0
terra,day,centre,2025,91.28599046791952,-2.0589347372130486,31.555489544035964,32.0
terra,night,city,2001,63.6974557278487,-0.6120379042335227,15.31262514911747,29.0
terra,night,centre,2001,0.16183099444771254,-1.2006944444444478,15.473333333333358,23.0
terra,night,city,2002,64.80387990679355,-0.4147110192736042,15.529664916678247,35.0
terra,night,centre,2002,0.16183099444771254,-0.3573611111111248,16.31666666666668,33.0
terra,night,city,2003,64.81990563079157,0.2113381275072217,16.15583652396098,40.0
terra,night,centre,2003,0.16183099444771254,0.21597222222222712,16.890000000000033,28.0
terra,night,city,2004,62.46622107135889,-1.6724460222056357,14.246630627611342,33.0
terra,night,centre,2004,0.16183099444771254,-2.4373611111111178,14.236666666666688,25.0
terra,night,city,2005,63.81739033308883,-1.373501341066712,14.558133473241492,30.0
terra,night,centre,2005,0.16183099444771254,-1.9540277777777975,14.720000000000008,20.0
terra,night,city,2006,64.81990563079157,-1.0136239720787805,14.930874424374977,42.0
terra,night,centre,2006,0.16183099444771254,-0.14402777777777587,16.53000000000003,31.0
terra,night,city,2007,62.2483210638321,0.09366152785592385,16.0045746930451,27.0
terra,night,centre,2007,0.0,,,17.0
terra,night,city,2008,64.44575566314383,-0.31993786324140217,15.62223858354512,35.0
terra,night,centre,2008,0.16183099444771254,-0.5940277777777823,16.080000000000023,24.0
terra,night,city,2009,64.44575566314381,-1.928506649523751,14.013759814271426,31.0
terra,night,centre,2009,0.16183099444771254,-1.6106944444444442,15.063333333333361,23.0
terra,night,city,2010,64.81990563079157,-0.13535431051724056,15.809144085936518,35.0
terra,night,centre,2010,0.16183099444771254,-0.6906944444444374,15.983333333333368,27.0
terra,night,city,2011,58.17235247196162,-1.1452853562692602,14.748382560635317,26.0
terra,night,centre,2011,0.16183099444771254,-1.6306944444444544,15.04333333333335,23.0
terra,night,city,2012,64.81990563079157,0.34985555777352034,16.294353954227276,37.0
terra,night,centre,2012,0.16183099444771254,0.9159722222222265,17.590000000000032,28.0
terra,night,city,2013,64.81990563079157,0.28016240215606103,16.22466079860982,39.0
terra,night,centre,2013,0.16183099444771254,0.9959722222222284,17.670000000000034,35.0
terra,night,city,2014,62.025138128877735,-2.1818000251880627,13.72547519893829,30.0
terra,night,centre,2014,0.16183099444771254,-1.9373611111111073,14.736666666666698,23.0
terra,night,city,2015,64.81990563079157,2.5541242516224276,18.498622648076186,37.0
terra,night,centre,2015,0.16183099444771254,2.189305555555567,18.863333333333372,31.0
terra,night,city,2016,64.81990563079157,0.057619192156668754,16.002117588610428,34.0
terra,night,centre,2016,0.16183099444771254,0.4759722222222287,17.150000000000034,27.0
terra,night,city,2017,64.81990563079157,0.40057044468260666,16.345068841136367,35.0
terra,night,centre,2017,0.16183099444771254,0.9993055555555586,17.673333333333364,23.0
terra,night,city,2018,64.1474505217613,1.2782436765847913,17.22070080764822,31.0
terra,night,centre,2018,0.16183099444771254,1.229305555555559,17.903333333333364,23.0
terra,night,city,2019,64.81990563079157,1.1295014375043053,17.073999833958062,35.0
terra,night,centre,2019,0.16183099444771254,2.062638888888902,18.736666666666707,29.0
terra,night,city,2020,56.77227724833263,-0.2527155949010682,15.619001056584965,27.0
terra,night,centre,2020,0.16183099444771254,-0.3173611111111114,16.356666666666694,26.0
terra,night,city,2021,60.84405495579747,-0.781582773324605,15.136848574094715,28.0
terra,night,centre,2021,0.16183099444771254,-0.6640277777777861,16.01000000000002,24.0
terra,night,city,2022,64.81990563079157,0.7959927196550496,16.74049111610881,35.0
terra,night,centre,2022,0.16183099444771254,0.22930555555555895,16.903333333333364,24.0
terra,night,city,2023,64.44575566314383,1.5464997031251182,17.490147209626254,29.0
terra,night,centre,2023,0.16183099444771254,0.5859722222222246,17.26000000000003,24.0
terra,night,city,2024,62.949734610385676,2.018988883219162,17.94555659807468,28.0
terra,night,centre,2024,0.16183099444771254,2.9993055555555586,19.673333333333364,22.0
terra,night,city,2025,64.81990563079157,0.8026096924208822,16.74710808887464,34.0
terra,night,centre,2025,0.16183099444771254,0.6393055555555556,17.31333333333336,24.0
aqua,day,city,2003,81.2982712641853,1.9815779228518988,32.13877558669901,46.0
aqua,day,centre,2003,6.464142794018708,1.5617517289879845,34.697038326172674,30.0
aqua,day,city,2004,69.85466384079432,-2.26943138452345,27.457014196220932,26.0
aqua,day,centre,2004,1.3525989720561213,-3.4771428551153245,29.40928344778196,18.0
aqua,day,city,2005,80.92412129653795,-2.2492230801935946,27.880180271140897,33.0
aqua,day,centre,2005,6.464142794018708,-1.9808786505897755,31.154407946594908,20.0
aqua,day,city,2006,81.2982712641853,-2.51170311410732,27.64549454973979,38.0
aqua,day,centre,2006,6.464142794018708,-2.080958227706178,31.05432836947851,25.0
aqua,day,city,2007,81.2982712641853,2.381540441182131,32.538738105029246,35.0
aqua,day,centre,2007,6.464142794018708,2.8853824135024313,36.02066901068712,21.0
aqua,day,city,2008,79.0533714582996,-1.063725496881422,29.02685874333129,34.0
aqua,day,centre,2008,1.3525989720561213,-1.1704424603596186,31.715983842537664,18.0
aqua,day,city,2009,81.2982712641853,-2.596926085468427,27.560271578378686,42.0
aqua,day,centre,2009,6.464142794018708,-2.790334949208892,30.34495164797579,30.0
aqua,day,city,2010,81.2982712641853,-1.7062944556699753,28.450903208177138,36.0
aqua,day,centre,2010,6.464142794018708,-1.5795200237424936,31.555766573442195,26.0
aqua,day,city,2011,80.92412129653755,-0.8971684222527413,29.244540001399102,28.0
aqua,day,centre,2011,6.464142794018708,-0.6061241257740845,32.5291624714106,22.0
aqua,day,city,2012,81.2982712641853,1.1934228907039508,31.35062055455106,35.0
aqua,day,centre,2012,6.464142794018708,-0.33401049782916015,32.801276099355526,26.0
aqua,day,city,2013,81.2982712641853,0.8918040022227618,31.049001666069877,40.0
aqua,day,centre,2013,6.464142794018708,1.9867131958446074,35.121999793029296,26.0
aqua,day,city,2014,64.99820191382146,-0.9363074974859312,28.726489116719915,26.0
aqua,day,centre,2014,0.0,,,16.0
aqua,day,city,2015,81.2982712641853,2.993810393328699,33.15100805717581,43.0
aqua,day,centre,2015,6.464142794018708,3.8042976426954676,36.939584239880155,30.0
aqua,day,city,2016,80.92412129653755,-1.2593825657506525,28.888805849050218,36.0
aqua,day,centre,2016,6.464142794018708,0.06955925644794969,33.204845853632634,20.0
aqua,day,city,2017,81.2982712641853,0.49836684940199133,30.6555645132491,43.0
aqua,day,centre,2017,6.464142794018708,0.4173583157471036,33.5526449129318,27.0
aqua,day,city,2018,77.93092155535767,2.8763578413652153,32.86034552244449,33.0
aqua,day,centre,2018,1.3587112028305655,0.3789694403623085,33.25790748795244,18.0
aqua,day,city,2019,81.2982712641853,1.4354904554944952,31.59268811934161,37.0
aqua,day,centre,2019,6.464142794018708,1.6341467803469711,34.769433377531655,29.0
aqua,day,city,2020,80.92412129653795,-1.0169253911127296,29.11809749991238,34.0
aqua,day,centre,2020,6.464142794018708,-0.6237763306378393,32.51151026654685,22.0
aqua,day,city,2021,79.42752142594742,-1.8086069456493479,28.270353698371533,36.0
aqua,day,centre,2021,6.464142794018708,-4.401466490324407,28.73382010686028,20.0
aqua,day,city,2022,81.2982712641853,2.1971430588807324,32.35434072272785,43.0
aqua,day,centre,2022,6.464142794018708,2.960459783236478,36.09574638042117,29.0
aqua,day,city,2023,81.2982712641853,0.9287064830739712,31.085904146921084,37.0
aqua,day,centre,2023,6.464142794018708,0.6818625133779469,33.81714911056263,28.0
aqua,day,city,2024,80.92412129653795,0.4975707599411287,30.626974111275622,45.0
aqua,day,centre,2024,6.464142794018708,-0.6862554105987926,32.44903118658589,38.0
aqua,day,city,2025,81.2982712641853,-0.04178957469316982,30.115408089153945,44.0
aqua,day,centre,2025,6.464142794018708,-0.02537251710893745,33.10991408007575,33.0
aqua,night,city,2003,80.91835164997163,0.48772960322950815,14.097499226188933,49.0
aqua,night,centre,2003,4.559051646193672,0.3757854735701293,15.303086427598558,22.0
aqua,night,city,2004,77.18262162006133,-1.1532218562251018,12.394628405131042,43.0
aqua,night,centre,2004,1.3525989720561213,-1.281152565886163,13.247113780822215,17.0
aqua,night,city,2005,68.4564272397317,-1.0750125781441484,12.342681942909506,30.0
aqua,night,centre,2005,1.0906968199157132,-0.6497101449275284,13.890000000000033,13.0
aqua,night,city,2006,80.91835164997163,-0.40636763911423374,13.20340198384519,45.0
aqua,night,centre,2006,4.559051646193672,-0.7189331339207585,14.208367820107668,21.0
aqua,night,city,2007,80.91835164997163,0.39336837861482654,14.003138001574253,46.0
aqua,night,centre,2007,4.559051646193672,0.2609717611027687,15.188272715131196,21.0
aqua,night,city,2008,80.91835164997163,-0.14248864318543944,13.467280979773987,39.0
aqua,night,centre,2008,4.559051646193672,-0.2564297154004354,14.670871238627992,23.0
aqua,night,city,2009,80.91835164997163,-1.6699985407884341,11.93977108217099,42.0
aqua,night,centre,2009,4.559051646193672,-2.1970772270160053,12.730223727012422,23.0
aqua,night,city,2010,80.91835164997163,0.9855232796655561,14.595292902624982,41.0
aqua,night,centre,2010,4.559051646193672,1.0020617196471635,15.929362673675591,26.0
aqua,night,city,2011,74.93772181417711,-0.3098758415131307,13.209298479846305,31.0
aqua,night,centre,2011,1.3525989720561213,-0.737234631066809,13.791031715641568,13.0
aqua,night,city,2012,80.91835164997163,0.9237415574242159,14.533511180383641,34.0
aqua,night,centre,2012,4.559051646193672,1.4445032766357329,16.37180423066416,21.0
aqua,night,city,2013,80.91835164997163,0.052408793358261506,13.662178416317685,40.0
aqua,night,centre,2013,4.559051646193672,0.5154467022986251,15.442747656327052,27.0
aqua,night,city,2014,77.55100194114274,-1.6265112241729243,11.923641797173682,36.0
aqua,night,centre,2014,1.626998098062683,-2.3039380662101596,12.16935863367286,18.0
aqua,night,city,2015,80.91835164997163,1.704042124482982,15.313811747442406,41.0
aqua,night,centre,2015,4.559051646193672,1.1918064732977989,16.119107427326224,28.0
aqua,night,city,2016,80.91835164997163,-0.15424184747007602,13.455527775489347,46.0
aqua,night,centre,2016,4.559051646193672,-0.11046447996601796,14.81683647406241,26.0
aqua,night,city,2017,80.54420168232389,-0.360109341215812,13.242520972306428,42.0
aqua,night,centre,2017,4.559051646193672,-1.7507652905609792,13.17653566346745,22.0
aqua,night,city,2018,80.91835164997163,1.5155952963012544,15.125364919260681,44.0
aqua,night,centre,2018,4.559051646193672,1.4223007731925572,16.349601727220985,25.0
aqua,night,city,2019,80.91835164997163,0.6407019754767016,14.250471598436125,43.0
aqua,night,centre,2019,4.559051646193672,1.6466885679049685,16.573989521933395,22.0
aqua,night,city,2020,80.91835164997163,-0.5664858604866242,13.0432837624728,41.0
aqua,night,centre,2020,4.559051646193672,-1.1637142547657435,13.763586699262682,27.0
aqua,night,city,2021,80.91835164997163,-0.3059484478625426,13.303821175096882,43.0
aqua,night,centre,2021,4.559051646193672,0.18480342239300057,15.112104376421426,23.0
aqua,night,city,2022,80.91835164997163,0.13847473938624044,13.748244362345666,44.0
aqua,night,centre,2022,4.559051646193672,-0.2334688260478985,14.69383212798053,32.0
aqua,night,city,2023,80.91835164997163,0.4175214506125844,14.02729107357201,40.0
aqua,night,centre,2023,4.559051646193672,0.25583471693274035,15.18313567096117,24.0
aqua,night,city,2024,80.91835164997163,1.4680975542095884,15.077867177169017,42.0
aqua,night,centre,2024,4.559051646193672,1.1917196916368145,16.119020645665238,32.0
aqua,night,city,2025,80.91835164997163,-1.2679956195664546,12.34177400339297,47.0
aqua,night,centre,2025,4.559051646193672,-1.484599664127463,13.442701289900963,37.0
