year,phase,config,centre_area_coverage_pct,median_valid_days,centre_weighted_LST_C
2001,day,primary,2.859088796085584,18.0,27.733333333333377
2001,day,fewer_15_days,19.668334351175734,18.0,27.223333333333358
2001,day,relaxed_3K,99.57055269775414,29.0,29.660000000000036
2001,night,primary,0.16183099444771254,11.0,15.473333333333358
2001,night,fewer_15_days,0.5363012781469697,11.0,15.400000000000034
2001,night,relaxed_3K,0.5363012781469697,15.0,16.146666666666704
2002,day,primary,100.0,26.0,32.356666666666705
2002,day,fewer_15_days,100.0,26.0,32.356666666666705
2002,day,relaxed_3K,100.0,39.0,31.893333333333363
2002,night,primary,0.5363012781469697,9.0,16.826666666666693
2002,night,fewer_15_days,0.5363012781469697,9.0,16.826666666666693
2002,night,relaxed_3K,5.130563413980689,13.0,18.270000000000028
2003,day,primary,100.0,35.0,34.92333333333335
2003,day,fewer_15_days,100.0,35.0,34.92333333333335
2003,day,relaxed_3K,100.0,53.0,33.8966666666667
2003,night,primary,0.5363012781469697,8.0,17.80333333333336
2003,night,fewer_15_days,1.7270692557553784,8.0,20.0266666666667
2003,night,relaxed_3K,16.777323255638418,15.0,19.52333333333337
2004,day,primary,0.0,14.0,
2004,day,fewer_15_days,12.200240404316004,14.0,34.450000000000024
2004,day,relaxed_3K,100.0,31.0,30.54000000000002
2004,night,primary,0.16183099444771254,4.0,14.236666666666688
2004,night,fewer_15_days,0.5363012781469697,4.0,13.610000000000014
2004,night,relaxed_3K,0.5363012781469697,8.0,14.693333333333356
2005,day,primary,91.28599046791953,21.0,31.50000000000004
2005,day,fewer_15_days,100.0,21.0,31.50000000000004
2005,day,relaxed_3K,100.0,30.0,30.700000000000045
2005,night,primary,0.16183099444771254,6.0,14.720000000000008
2005,night,fewer_15_days,0.16183099444771254,6.0,14.720000000000008
2005,night,relaxed_3K,15.245775197569102,12.0,16.863333333333383
2006,day,primary,100.0,24.0,31.106666666666694
2006,day,fewer_15_days,100.0,24.0,31.106666666666694
2006,day,relaxed_3K,100.0,40.0,29.263333333333367
2006,night,primary,0.6363724358396651,13.0,15.963333333333358
2006,night,fewer_15_days,7.023724865204382,13.0,17.50333333333337
2006,night,relaxed_3K,100.0,28.0,16.396666666666704
2007,day,primary,100.0,28.0,35.08000000000002
2007,day,fewer_15_days,100.0,28.0,35.08000000000002
2007,day,relaxed_3K,100.0,39.0,33.900000000000034
2007,night,primary,0.0,8.0,
2007,night,fewer_15_days,0.16183099444771254,8.0,17.180000000000025
2007,night,relaxed_3K,0.5363012781469697,12.0,17.590000000000032
2008,day,primary,100.0,23.0,33.083333333333364
2008,day,fewer_15_days,100.0,23.0,33.083333333333364
2008,day,relaxed_3K,100.0,40.0,32.19333333333335
2008,night,primary,0.16183099444771254,10.0,16.080000000000023
2008,night,fewer_15_days,1.626998098062683,10.0,16.76333333333336
2008,night,relaxed_3K,30.881505487862892,16.0,17.26666666666669
2009,day,primary,70.80350863811266,20.0,30.093333333333373
2009,day,fewer_15_days,100.0,20.0,30.493333333333368
2009,day,relaxed_3K,100.0,32.0,28.903333333333364
2009,night,primary,0.16183099444771254,7.0,15.063333333333361
2009,night,fewer_15_days,1.7270692557553782,7.0,14.056666666666692
2009,night,relaxed_3K,11.521133841378857,15.0,14.51333333333337
2010,day,primary,100.0,25.0,32.75000000000005
2010,day,fewer_15_days,100.0,25.0,32.75000000000005
2010,day,relaxed_3K,100.0,39.0,32.14333333333335
2010,night,primary,0.16183099444771254,14.0,15.983333333333368
2010,night,fewer_15_days,27.030088467982672,14.0,18.740000000000027
2010,night,relaxed_3K,67.52617409336085,21.0,18.28666666666669
2011,day,primary,5.572879601011755,17.0,29.920000000000027
2011,day,fewer_15_days,85.37702697217527,17.0,32.920000000000016
2011,day,relaxed_3K,100.0,33.0,31.78000000000002
2011,night,primary,0.16183099444771254,6.0,15.04333333333335
2011,night,fewer_15_days,0.16183099444771254,6.0,15.04333333333335
2011,night,relaxed_3K,3.368283668585263,11.0,15.423333333333346
2012,day,primary,100.0,24.0,34.30000000000002
2012,day,fewer_15_days,100.0,24.0,34.30000000000002
2012,day,relaxed_3K,100.0,36.0,32.42333333333337
2012,night,primary,0.6363724358396651,12.0,19.390000000000025
2012,night,fewer_15_days,4.559051646193672,12.0,21.26000000000003
2012,night,relaxed_3K,17.508593562698476,17.0,19.873333333333363
2013,day,primary,100.0,25.0,34.77333333333337
2013,day,fewer_15_days,100.0,25.0,34.77333333333337
2013,day,relaxed_3K,100.0,41.0,32.83000000000002
2013,night,primary,3.4683548262779587,16.0,21.446666666666705
2013,night,fewer_15_days,94.11797285835782,16.0,22.743333333333368
2013,night,relaxed_3K,94.11797285835782,24.0,20.940000000000037
2014,day,primary,1.0906968199157132,14.0,31.150000000000034
2014,day,fewer_15_days,48.1773140057333,14.0,33.833333333333364
2014,day,relaxed_3K,100.0,31.0,30.77000000000004
2014,night,primary,0.16183099444771254,6.0,14.736666666666698
2014,night,fewer_15_days,0.5363012781469697,6.0,14.580000000000032
2014,night,relaxed_3K,3.368283668585263,14.0,15.003333333333368
2015,day,primary,100.0,32.0,36.81000000000003
2015,day,fewer_15_days,100.0,32.0,36.81000000000003
2015,day,relaxed_3K,100.0,44.0,35.25000000000003
2015,night,primary,19.60396690120415,19.0,21.76000000000002
2015,night,fewer_15_days,94.11797285836373,19.0,21.163333333333355
2015,night,relaxed_3K,100.0,25.0,21.423333333333364
2016,day,primary,100.0,23.0,33.67333333333337
2016,day,fewer_15_days,100.0,23.0,33.67333333333337
2016,day,relaxed_3K,100.0,38.0,31.800000000000022
2016,night,primary,0.16183099444771254,10.0,17.150000000000034
2016,night,fewer_15_days,1.626998098062683,10.0,17.7966666666667
2016,night,relaxed_3K,21.932671887204734,17.0,17.450000000000028
2017,day,primary,100.0,26.0,34.313333333333354
2017,day,fewer_15_days,100.0,26.0,34.313333333333354
2017,day,relaxed_3K,100.0,44.0,32.65666666666669
2017,night,primary,0.16183099444771254,9.0,17.673333333333364
2017,night,fewer_15_days,0.5363012781469697,9.0,19.656666666666705
2017,night,relaxed_3K,5.236746802447829,17.0,19.2866666666667
2018,day,primary,100.0,26.0,35.470000000000034
2018,day,fewer_15_days,100.0,26.0,35.470000000000034
2018,day,relaxed_3K,100.0,40.0,34.436666666666696
2018,night,primary,0.16183099444771254,8.0,17.903333333333364
2018,night,fewer_15_days,1.626998098062683,8.0,19.880000000000035
2018,night,relaxed_3K,5.136675644755133,16.0,19.826666666666693
2019,day,primary,100.0,26.0,35.02000000000003
2019,day,fewer_15_days,100.0,26.0,35.02000000000003
2019,day,relaxed_3K,100.0,37.0,33.840000000000025
2019,night,primary,3.368283668585263,16.0,21.580000000000013
2019,night,fewer_15_days,100.0,16.0,22.29000000000003
2019,night,relaxed_3K,48.36835199748702,19.0,21.950000000000028
2020,day,primary,100.0,24.0,34.580000000000034
2020,day,fewer_15_days,100.0,24.0,34.580000000000034
2020,day,relaxed_3K,100.0,39.0,31.55000000000003
2020,night,primary,0.16183099444771254,5.0,16.356666666666694
2020,night,fewer_15_days,0.5363012781469697,5.0,17.143333333333363
2020,night,relaxed_3K,0.16183099444771254,10.0,16.803333333333352
2021,day,primary,100.0,25.0,33.98666666666671
2021,day,fewer_15_days,100.0,25.0,33.98666666666671
2021,day,relaxed_3K,100.0,35.0,32.59000000000003
2021,night,primary,0.16183099444771254,9.0,16.01000000000002
2021,night,fewer_15_days,0.16183099444771254,9.0,16.01000000000002
2021,night,relaxed_3K,10.113746834710952,16.0,17.146666666666704
2022,day,primary,100.0,27.0,35.37666666666669
2022,day,fewer_15_days,100.0,27.0,35.37666666666669
2022,day,relaxed_3K,100.0,41.0,33.47666666666669
2022,night,primary,0.16183099444771254,10.0,16.903333333333364
2022,night,fewer_15_days,1.2525278143634258,10.0,18.54333333333336
2022,night,relaxed_3K,11.639345890342813,19.0,19.956666666666706
2023,day,primary,100.0,27.0,33.3266666666667
2023,day,fewer_15_days,100.0,27.0,33.3266666666667
2023,day,relaxed_3K,100.0,39.0,32.876666666666715
2023,night,primary,0.16183099444771254,13.0,17.26000000000003
2023,night,fewer_15_days,5.741804027027808,13.0,20.556666666666683
2023,night,relaxed_3K,51.063036449231134,20.0,19.940000000000044
2024,day,primary,100.0,31.0,33.410000000000025
2024,day,fewer_15_days,100.0,31.0,33.410000000000025
2024,day,relaxed_3K,100.0,42.0,32.79666666666669
2024,night,primary,0.16183099444771254,9.0,19.673333333333364
2024,night,fewer_15_days,0.16183099444771254,9.0,19.673333333333364
2024,night,relaxed_3K,0.5424135089214139,16.0,20.57333333333337
2025,day,primary,100.0,32.0,31.51000000000002
2025,day,fewer_15_days,100.0,32.0,31.51000000000002
2025,day,relaxed_3K,100.0,48.0,30.27666666666669
2025,night,primary,1.3525989720561211,15.0,21.300000000000022
2025,night,fewer_15_days,76.62667769063063,15.0,22.25000000000004
2025,night,relaxed_3K,100.0,25.0,21.49000000000002
