district,city_grid_area_km2,recent_coverage_pct,recent_median_anomaly_C,hotspot_threshold_anomaly_C,hotspot_share_of_observed_pct,strict_change_coverage_pct,broad_change_coverage_pct,increase_both_filters_pct,decrease_both_filters_pct
Brno-střed,14.6349,99.8831560174651,4.09649658203125,5.1013946533203125,37.28604851619259,19.740483365106698,90.8615706291126,1.1499907754750631,0.46122624684828734
Brno-Černovice,6.2946,100.0,3.98199462890625,5.1013946533203125,32.01315413211324,93.09408064054904,100.0,29.59679725478982,0.042893909064912784
Brno-jih,12.7872,99.71143018018019,3.7905845642089844,5.1013946533203125,31.058092750758806,52.744932432432435,99.7606981981982,3.265765765765766,1.8721846846846846
Brno-Slatina,5.8248,100.0,3.263355255126953,5.1013946533203125,28.84734239802225,99.86093943139679,100.0,15.528430160692213,0.7107540173053152
Brno-Židenice,5.0427,100.0,3.8350181579589844,5.1013946533203125,27.59236123505265,97.6976619668035,100.0,10.3694449402106,2.3915759414599322
Brno-Královo Pole,10.0719,99.84809221696005,2.3883399963378906,5.1013946533203125,14.435296223375694,83.46885890447682,100.0,10.392279510320794,0.741667411312662
Brno-Tuřany,17.8371,100.0,2.4233741760253906,5.1013946533203125,13.885665270699834,87.44638982794288,100.0,10.227559412684798,4.884202028356627
Brno-Vinohrady,1.9485,100.0,1.6697044372558594,5.1013946533203125,12.33256351039261,98.47575057736721,100.0,2.1247113163972284,2.678983833718245
Brno-Žabovřesky,4.3496999999999995,100.0,2.102083206176758,5.1013946533203125,8.917856403889923,9.47651562176702,100.0,1.510448996482516,0.0
Brno-Chrlice,9.4833,99.81019265445573,1.0869293212890625,5.1013946533203125,7.730341352096605,81.67410078770048,100.0,4.783145107715669,10.059789313846446
Brno-Líšeň,15.6861,100.0,-0.45801544189453125,5.1013946533203125,7.384244649721728,99.85082334040966,100.0,5.261346032474611,2.9032072981811923
Brno-sever,12.2418,99.82355535950596,-0.5913162231445312,5.1013946533203125,6.819855648843718,97.05190413174533,100.0,3.7273930304367004,1.095427143067196
Brno-Medlánky,3.5073,100.0,0.9305553436279297,5.1013946533203125,5.9276366435719785,74.46753913266615,100.0,6.517834231460098,2.9253271747498077
Brno-Maloměřice a Obřany,9.2736,99.72826086956522,-1.3620796203613281,5.1013946533203125,3.9120280264694434,99.22360248447205,100.0,1.3198757763975155,1.9312888198757765
Brno-Ivanovice,2.4354,100.0,-0.47254180908203125,5.1013946533203125,3.843311160384331,85.92017738359202,100.0,2.032520325203252,17.184035476718403
Brno-Bohunice,3.0204,99.761620977354,1.5039291381835938,5.1013946533203125,2.090800477897252,35.280095351609056,100.0,0.32777115613825986,1.9070321811680573
Brno-Komín,7.5950999999999995,100.0,0.1298828125,5.1013946533203125,1.457518663348738,72.24789667022159,99.98815025476952,1.587865860883991,4.763597582651973
Brno-Řečkovice a Mokrá Hora,7.5573,100.0,-0.7852897644042969,5.1013946533203125,0.9289031797070382,34.71477908776944,100.0,0.38108848398237466,0.2977253781112302
Brno-Nový Lískovec,1.6515,100.0,0.06579780578613281,5.1013946533203125,0.7629427792915532,2.23433242506812,100.0,0.0,0.05449591280653951
Brno-Starý Lískovec,3.2832,100.0,-0.20892715454101562,5.1013946533203125,0.24671052631578946,92.35197368421052,100.0,2.00109649122807,6.167763157894737
Brno-Kohoutovice,4.0824,100.0,-2.5840225219726562,5.1013946533203125,0.08818342151675485,21.538800705467374,100.0,1.0141093474426808,0.0
Brno-Jundrov,4.2156,100.0,-3.742732524871826,5.1013946533203125,0.08539709649871904,15.584970111016226,100.0,0.2775405636208369,0.0
Brno-Bosonohy,7.154999999999999,100.0,-1.944854736328125,5.1013946533203125,0.07547169811320754,53.82389937106918,100.0,0.8930817610062893,8.025157232704403
Brno-Žebětín,13.5855,100.0,-3.622246742248535,5.1013946533203125,0.059622391520370986,89.53295793309043,100.0,2.020536601523683,9.446836700894336
Brno-Útěchov,1.1592,100.0,-5.555992126464844,5.1013946533203125,0.0,99.9223602484472,100.0,0.3105590062111801,1.0093167701863355
Brno-Kníničky,10.908,90.51155115511551,-5.732019424438477,5.1013946533203125,0.0,76.97194719471948,90.44554455445545,0.8993399339933993,3.8696369636963697
Brno-Bystrc,27.2196,93.87977780716837,-6.080657958984375,5.1013946533203125,0.0,81.80134902790635,93.81364898822908,0.1024996693559053,16.016399947096946
Brno-Ořešín,3.0537,100.0,-6.280611038208008,5.1013946533203125,0.0,99.5579133510168,100.0,0.0,0.3536693191865606
Brno-Jehnice,4.0725,100.0,-2.5122451782226562,5.1013946533203125,0.0,86.45303867403315,100.0,2.342541436464088,1.7458563535911602
