district,area_coverage_5K_pct,area_coverage_3K_pct,median_paired_difference_5K_C,early_surface_median_5K_C,recent_surface_median_5K_C,shared_support_median_difference_3K_C,shared_support_median_difference_5K_C,median_abs_filter_difference_on_shared_support_C
Brno-Kohoutovice,100.0,21.538800705467374,1.116837501525879,28.8892822265625,29.46179962158203,2.6318740844726562,1.6987552642822266,1.0578765869140625
Brno-Černovice,100.0,93.09408064054904,3.1813220977783203,33.43097686767578,36.746456146240234,3.1753387451171875,3.1838855743408203,1.0544586181640625
Brno-Bohunice,100.0,35.280095351609056,1.5082025527954102,32.52007293701172,34.14534378051758,-0.0008535385131835938,1.138199806213379,1.450948715209961
Brno-Bosonohy,100.0,53.82389937106918,1.1552925109863281,30.69912338256836,31.482704162597656,-0.25037097930908203,0.9912261962890625,1.6141595840454102
Brno-Chrlice,100.0,81.67410078770048,1.5124740600585938,32.829402923583984,34.08723449707031,0.9463634490966797,1.5569067001342773,1.6679916381835938
Brno-Ivanovice,100.0,85.92017738359202,-0.1375751495361328,32.40386199951172,31.742473602294922,0.3999061584472656,-0.2768592834472656,1.1159858703613281
Brno-Líšeň,100.0,99.85082334040966,1.334737777709961,30.976837158203125,32.627742767333984,2.004669189453125,1.3364448547363281,1.1194000244140625
Brno-Útěchov,100.0,99.9223602484472,0.5708093643188477,27.09054946899414,27.56394386291504,1.3091011047363281,0.5708103179931641,1.1416206359863281
Brno-Bystrc,93.81364898822908,81.80134902790635,0.21875381469726562,27.717756271362305,27.678447723388672,-0.5024490356445312,0.12475776672363281,0.8104982376098633
Brno-jih,99.7606981981982,52.744932432432435,2.2840919494628906,33.74543380737305,35.98851013183594,1.4748764038085938,2.1772804260253906,1.5176010131835938
Brno-Jundrov,100.0,15.584970111016226,1.3330268859863281,27.17087173461914,28.36547088623047,1.1920342445373535,1.2689399719238281,0.7861461639404297
Brno-střed,90.8615706291126,19.740483365106698,2.189241409301758,34.21370315551758,36.61656951904297,1.7448997497558594,2.3584327697753906,1.1783638000488281
Brno-Kníničky,90.44554455445545,76.97194719471948,0.38965415954589844,27.09482192993164,27.415260314941406,0.13159465789794922,0.3161659240722656,1.2287778854370117
Brno-sever,100.0,97.05190413174533,1.5927963256835938,30.67605209350586,32.57305145263672,1.6372299194335938,1.6167221069335938,0.8579235076904297
Brno-Žebětín,100.0,89.53295793309043,1.322774887084961,28.43724822998047,29.81471061706543,0.20422744750976562,1.2527046203613281,1.0877866744995117
Brno-Komín,99.98815025476952,72.24789667022159,0.8647594451904297,31.028108596801758,31.640788078308105,2.252471923828125,0.6015739440917969,1.6833724975585938
Brno-Královo Pole,100.0,83.46885890447682,2.2182960510253906,32.16972732543945,35.18100357055664,2.037139892578125,2.1636085510253906,0.9297027587890625
Brno-Maloměřice a Obřany,100.0,99.22360248447205,1.1621265411376953,30.74184799194336,32.03471374511719,1.2420220375061035,1.1587085723876953,0.7758913040161133
Brno-Řečkovice a Mokrá Hora,100.0,34.71477908776944,1.295431137084961,29.948013305664062,30.761503219604492,0.7553825378417969,1.0168609619140625,1.0202789306640625
Brno-Starý Lískovec,100.0,92.35197368421052,1.8807659149169922,31.993698120117188,33.37372589111328,0.9519195556640625,1.8901653289794922,1.0322456359863281
Brno-Tuřany,100.0,87.44638982794288,2.032012939453125,33.45148468017578,35.38266372680664,1.948272705078125,2.045684814453125,1.5927963256835938
Brno-Vinohrady,100.0,98.47575057736721,1.0288238525390625,32.655086517333984,33.67023849487305,3.405200958251953,1.0706939697265625,2.120882987976074
Brno-Žabovřesky,100.0,9.47651562176702,2.5293350219726562,31.718547821044922,34.30598831176758,3.0129852294921875,2.2746925354003906,0.6545515060424805
Brno-Židenice,100.0,97.6976619668035,2.061065673828125,34.19319534301758,36.2286262512207,3.173203468322754,2.070465087890625,1.16469144821167
Brno-Medlánky,100.0,74.46753913266615,1.0715503692626953,30.68801498413086,31.60746192932129,1.4236030578613281,0.7109470367431641,1.1040210723876953
Brno-Ořešín,100.0,99.5579133510168,0.9126091003417969,26.413780212402344,26.820526123046875,1.3650717735290527,0.9126110076904297,0.8203248977661133
Brno-Slatina,100.0,99.86093943139679,2.3336544036865234,33.99067687988281,36.3533821105957,2.6284561157226562,2.3345069885253906,1.1330757141113281
Brno-Nový Lískovec,100.0,2.23433242506812,0.7878551483154297,32.634578704833984,33.171207427978516,0.9963531494140625,1.2697944641113281,0.45801544189453125
Brno-Jehnice,100.0,86.45303867403315,0.9091930389404297,29.055910110473633,29.84205436706543,1.2368955612182617,0.9604644775390625,1.1023120880126953
