phase,district,fixed_area_coverage_pct
day,Brno-Kohoutovice,13.623235984012448
day,Brno-Černovice,12.851158893484131
day,Brno-Bohunice,13.076292056109041
day,Brno-Bosonohy,97.33030240135898
day,Brno-Chrlice,100.00000000000011
day,Brno-Ivanovice,26.610816296788737
day,Brno-Líšeň,64.75361429114524
day,Brno-Útěchov,99.99999999999662
day,Brno-Bystrc,95.68961466425692
day,Brno-jih,22.912077461506623
day,Brno-Jundrov,72.85614607990324
day,Brno-střed,0.0
day,Brno-Kníničky,97.28020081356217
day,Brno-sever,41.12165909323694
day,Brno-Žebětín,65.657189399255
day,Brno-Komín,75.39656874333049
day,Brno-Královo Pole,13.928222171006334
day,Brno-Maloměřice a Obřany,45.059969709918924
day,Brno-Řečkovice a Mokrá Hora,46.339808370573124
day,Brno-Starý Lískovec,95.48176066920674
day,Brno-Tuřany,85.72076634374542
day,Brno-Vinohrady,1.6561915481419964
day,Brno-Žabovřesky,3.946416228285328
day,Brno-Židenice,0.0
day,Brno-Medlánky,33.11911647266208
day,Brno-Ořešín,99.99999999999903
day,Brno-Slatina,41.10122501934272
day,Brno-Nový Lískovec,61.19814438216232
day,Brno-Jehnice,93.32046454172797
night,Brno-Kohoutovice,0.15242110646661564
night,Brno-Černovice,9.874733707396624
night,Brno-Bohunice,11.241985419058931
night,Brno-Bosonohy,88.96138996989876
night,Brno-Chrlice,100.00000000000011
night,Brno-Ivanovice,100.00000000000017
night,Brno-Líšeň,56.026918302463116
night,Brno-Útěchov,0.0
night,Brno-Bystrc,90.07381084494703
night,Brno-jih,27.909450917418397
night,Brno-Jundrov,13.00908525530708
night,Brno-střed,0.0
night,Brno-Kníničky,76.79263245353155
night,Brno-sever,35.96190796631115
night,Brno-Žebětín,55.773205014287655
night,Brno-Komín,48.80292735242367
night,Brno-Královo Pole,0.3880941485043042
night,Brno-Maloměřice a Obřany,24.296864547227873
night,Brno-Řečkovice a Mokrá Hora,37.60486043344084
night,Brno-Starý Lískovec,71.97153980703166
night,Brno-Tuřany,84.67823633997669
night,Brno-Vinohrady,0.0
night,Brno-Žabovřesky,0.0
night,Brno-Židenice,0.0
night,Brno-Medlánky,54.74090255069914
night,Brno-Ořešín,86.01232069813555
night,Brno-Slatina,64.7705210046142
night,Brno-Nový Lískovec,9.51117719287931
night,Brno-Jehnice,99.99999999999949
