year,day_LST_C,day_valid_area_pct,day_median_valid_days,day_view_local_hour,night_LST_C,night_valid_area_pct,night_median_valid_days,night_view_local_hour
2001,24.670000000000034,64.74219328875829,29.0,11.3,15.230000000000038,65.56820556608668,29.0,21.900000000000002
2002,27.240000000000048,100.0,37.0,11.3,15.356666666666692,67.96211863199288,36.0,21.8
2003,29.7966666666667,100.0,53.0,11.200000000000001,15.983333333333357,70.44215255583943,42.0,21.900000000000002
2004,25.97333333333337,68.62723587031715,32.0,11.200000000000001,14.26333333333335,62.84037103900663,36.0,21.85
2005,26.03333333333336,98.50340012940978,33.0,11.200000000000001,14.49666666666669,66.06229013897492,31.0,21.700000000000003
2006,24.650000000000045,100.0,40.0,11.200000000000001,14.810000000000022,74.18365223231491,43.0,21.900000000000002
2007,30.04333333333337,100.0,39.0,11.25,15.890000000000043,62.79327966206425,28.0,21.900000000000002
2008,27.270000000000028,99.62585003235273,38.0,11.100000000000001,15.600000000000023,67.06480543667654,36.0,21.900000000000002
2009,24.53666666666668,94.38775048528645,37.0,11.200000000000001,13.930000000000026,65.56820556608668,32.0,21.900000000000002
2010,26.996666666666698,100.0,41.0,11.100000000000001,15.700000000000037,70.97711374373719,37.0,21.950000000000003
2011,26.98333333333336,76.8585351585642,35.0,11.150000000000002,14.613333333333363,58.54650243960899,28.0,21.900000000000002
2012,28.716666666666686,100.0,37.0,11.200000000000001,16.133333333333354,72.09379400011422,38.0,22.0
2013,27.29000000000002,100.0,41.0,11.200000000000001,15.883333333333363,77.17685197349502,41.0,21.85
2014,26.860000000000042,68.25308590266931,30.0,11.15,13.54000000000003,63.147588031820575,31.0,21.900000000000002
2015,30.593333333333362,100.0,46.0,11.200000000000001,18.330000000000023,87.27890109998265,39.0,21.900000000000002
2016,26.746666666666698,98.1292501617625,41.0,11.200000000000001,15.950000000000017,68.73221393785192,35.0,21.75
2017,28.440000000000026,100.0,45.0,11.200000000000001,16.23000000000003,68.18725533961977,36.0,21.700000000000003
2018,30.663333333333355,100.0,41.0,11.100000000000001,17.11000000000003,65.4407090552882,32.0,21.900000000000002
2019,28.98666666666668,100.0,38.0,11.200000000000001,16.79333333333337,74.71284377364825,36.0,21.8
2020,27.176666666666694,100.0,39.0,11.100000000000001,15.586666666666702,57.14642721598038,29.0,21.900000000000002
2021,27.5566666666667,100.0,39.0,11.0,15.080000000000032,61.21820492344521,30.0,21.900000000000002
2022,29.093333333333362,100.0,44.0,11.0,16.656666666666712,68.18725533962015,38.0,21.700000000000003
2023,28.136666666666695,100.0,39.0,10.8,17.56333333333336,65.94235553373396,31.0,21.400000000000002
2024,27.730000000000018,100.0,47.0,10.4,17.703333333333358,63.69803454568117,30.0,21.1
2025,26.376666666666683,100.0,51.0,10.0,16.586666666666684,72.69282200829007,36.0,20.6
